{
    "accuracy": 0.6533333333333333,
    "loss": 1.01254479454032
}