{
    "accuracy": 0.6595238095238094,
    "loss": 0.9838353278913669
}