{
    "accuracy": 0.639047619047619,
    "loss": 1.035288692975328
}